-- MySQL dump 10.14  Distrib 5.5.36-MariaDB, for Linux (x86_64)
--
-- Host: localhost    Database: futbol
-- ------------------------------------------------------
-- Server version	5.5.36-MariaDB

/*!40101 SET @OLD_CHARACTER_SET_CLIENT=@@CHARACTER_SET_CLIENT */;
/*!40101 SET @OLD_CHARACTER_SET_RESULTS=@@CHARACTER_SET_RESULTS */;
/*!40101 SET @OLD_COLLATION_CONNECTION=@@COLLATION_CONNECTION */;
/*!40101 SET NAMES utf8 */;
/*!40103 SET @OLD_TIME_ZONE=@@TIME_ZONE */;
/*!40103 SET TIME_ZONE='+00:00' */;
/*!40014 SET @OLD_UNIQUE_CHECKS=@@UNIQUE_CHECKS, UNIQUE_CHECKS=0 */;
/*!40014 SET @OLD_FOREIGN_KEY_CHECKS=@@FOREIGN_KEY_CHECKS, FOREIGN_KEY_CHECKS=0 */;
/*!40101 SET @OLD_SQL_MODE=@@SQL_MODE, SQL_MODE='NO_AUTO_VALUE_ON_ZERO' */;
/*!40111 SET @OLD_SQL_NOTES=@@SQL_NOTES, SQL_NOTES=0 */;

--
-- Table structure for table `equips`
--

DROP TABLE IF EXISTS `equips`;
/*!40101 SET @saved_cs_client     = @@character_set_client */;
/*!40101 SET character_set_client = utf8 */;
CREATE TABLE `equips` (
  `id` int(11) NOT NULL DEFAULT '0',
  `nom` varchar(45) NOT NULL,
  PRIMARY KEY (`id`),
  KEY `noms` (`nom`)
) ENGINE=InnoDB DEFAULT CHARSET=latin1;
/*!40101 SET character_set_client = @saved_cs_client */;

--
-- Dumping data for table `equips`
--

LOCK TABLES `equips` WRITE;
/*!40000 ALTER TABLE `equips` DISABLE KEYS */;
INSERT INTO `equips` VALUES (48,'AD Almería'),(11,'Alavés'),(51,'Albacete'),(27,'Alcoyano'),(59,'Almería'),(5,'Arenas'),(3,'Athletic Club'),(18,'Atlético Aviación'),(6,'Atlético de Madrid'),(1,'Barcelona'),(13,'Betis'),(43,'Burgos'),(46,'Cádiz'),(23,'Castellón'),(30,'CD Málaga'),(20,'Celta de Vigo'),(52,'Compostela'),(36,'Condal'),(40,'Córdoba'),(35,'Cultural Leonesa'),(22,'Deportivo de La Coruña'),(37,'Elche'),(7,'Espanyol'),(8,'Europa'),(54,'Extremadura'),(58,'Getafe'),(28,'Gimnàstic de Tarragona'),(24,'Granada'),(16,'Hércules'),(34,'Jaén'),(32,'Las Palmas'),(41,'Levante'),(31,'Lleida'),(49,'Logroñés'),(56,'Málaga'),(38,'Mallorca'),(53,'Mérida'),(21,'Murcia'),(57,'Numancia'),(17,'Osasuna'),(42,'Pontevedra'),(10,'Racing de Santander'),(45,'Rayo Vallecano'),(50,'Real Burgos'),(2,'Real Madrid'),(14,'Real Oviedo'),(4,'Real Sociedad'),(9,'Real Unión'),(19,'Real Zaragoza'),(47,'Recreativo de Huelva'),(25,'Sabadell'),(44,'Salamanca'),(15,'Sevilla'),(26,'Sporting de Gijón'),(39,'Tenerife'),(33,'Tetuán'),(12,'Valencia'),(29,'Valladolid'),(55,'Villarreal'),(60,'Xerez');
/*!40000 ALTER TABLE `equips` ENABLE KEYS */;
UNLOCK TABLES;

--
-- Table structure for table `resultats`
--

DROP TABLE IF EXISTS `resultats`;
/*!40101 SET @saved_cs_client     = @@character_set_client */;
/*!40101 SET character_set_client = utf8 */;
CREATE TABLE `resultats` (
  `equip` int(11) NOT NULL DEFAULT '0',
  `temporada` int(11) NOT NULL DEFAULT '0',
  `punts` int(11) DEFAULT NULL,
  `posicio` int(11) DEFAULT NULL,
  `golsf` int(11) DEFAULT NULL,
  `golsc` int(11) DEFAULT NULL,
  `guanyats` int(11) DEFAULT NULL,
  `empatats` int(11) DEFAULT NULL,
  `perduts` int(11) DEFAULT NULL,
  `grogues` int(11) DEFAULT NULL,
  `vermelles` int(11) DEFAULT NULL,
  PRIMARY KEY (`temporada`,`equip`)
) ENGINE=InnoDB DEFAULT CHARSET=latin1;
/*!40101 SET character_set_client = @saved_cs_client */;

--
-- Dumping data for table `resultats`
--

LOCK TABLES `resultats` WRITE;
/*!40000 ALTER TABLE `resultats` DISABLE KEYS */;
INSERT INTO `resultats` VALUES (1,1928,25,1,37,23,11,3,4,0,0),(2,1928,23,2,40,27,11,1,6,0,0),(3,1928,20,3,43,33,8,4,6,0,0),(4,1928,20,4,46,41,8,4,6,0,1),(5,1928,19,5,32,39,8,3,7,0,0),(6,1928,18,6,43,41,8,2,8,0,0),(7,1928,18,7,32,38,7,4,7,0,1),(8,1928,16,8,45,49,6,4,8,0,2),(9,1928,12,9,40,42,5,2,11,0,1),(10,1928,9,10,25,50,3,3,12,0,0),(1,1929,23,2,46,36,11,1,6,0,0),(2,1929,17,5,45,42,7,3,8,0,0),(3,1929,30,1,63,28,12,6,0,0,0),(4,1929,14,7,34,37,5,4,9,0,0),(5,1929,20,3,51,40,9,2,7,0,0),(6,1929,12,10,32,50,5,2,11,0,0),(7,1929,20,4,40,33,9,2,7,0,0),(8,1929,13,9,29,44,6,1,11,0,0),(9,1929,17,6,48,52,6,5,7,0,0),(10,1929,14,8,32,58,7,0,11,0,0),(1,1930,21,4,40,43,7,7,4,0,0),(2,1930,18,6,24,27,7,4,7,0,0),(3,1930,22,1,73,33,11,0,7,0,0),(4,1930,22,3,42,39,10,2,6,0,0),(5,1930,18,5,35,38,8,2,8,0,0),(7,1930,14,9,32,45,6,2,10,0,0),(8,1930,13,10,23,38,6,1,11,0,0),(9,1930,16,7,41,45,6,4,8,0,0),(10,1930,22,2,49,37,10,2,6,0,0),(11,1930,14,8,25,39,5,4,9,0,0),(1,1931,24,3,40,26,10,4,4,0,0),(2,1931,28,1,37,15,10,8,0,0,0),(3,1931,25,2,47,23,11,3,4,0,0),(4,1931,14,8,38,35,7,0,11,0,0),(5,1931,17,5,35,42,7,3,8,0,0),(7,1931,15,6,34,39,7,1,10,0,0),(9,1931,11,10,24,45,4,3,11,0,0),(10,1931,20,4,36,35,7,6,5,0,0),(11,1931,11,9,22,44,5,1,12,0,0),(12,1931,15,7,38,47,6,3,9,0,0),(1,1932,19,4,42,34,7,5,6,0,1),(2,1932,28,1,49,17,13,2,3,0,0),(3,1932,26,2,63,30,13,0,5,0,0),(4,1932,15,6,41,47,6,3,9,0,0),(5,1932,14,7,39,44,5,4,9,0,0),(7,1932,22,3,33,30,10,2,6,0,0),(10,1932,14,8,47,58,6,2,10,0,1),(11,1932,12,10,21,42,5,2,11,0,0),(12,1932,13,9,34,53,4,5,9,0,0),(13,1932,17,5,31,45,6,5,7,0,1),(1,1933,16,9,42,40,8,0,10,0,0),(2,1933,22,2,41,29,10,2,6,0,0),(3,1933,24,1,61,27,11,2,5,0,0),(4,1933,18,5,29,33,7,4,7,0,0),(5,1933,10,10,18,49,3,4,11,0,0),(7,1933,17,8,41,42,7,3,8,0,0),(10,1933,19,3,38,39,9,1,8,0,0),(12,1933,17,7,28,38,7,3,8,0,0),(13,1933,19,4,29,36,9,1,8,0,0),(14,1933,18,6,51,45,8,2,8,0,0),(1,1934,24,6,55,44,9,6,7,0,0),(2,1934,33,2,61,34,16,1,5,0,0),(3,1934,25,4,60,37,11,3,8,0,0),(4,1934,11,11,28,67,5,1,16,0,0),(5,1934,9,12,17,56,3,3,16,0,0),(6,1934,21,7,40,45,8,5,9,0,0),(7,1934,20,8,47,59,9,2,11,0,0),(10,1934,17,10,37,46,7,3,12,0,0),(12,1934,20,9,40,49,9,2,11,0,1),(13,1934,34,1,43,19,15,4,3,0,0),(14,1934,26,3,60,47,12,2,8,0,0),(15,1934,24,5,53,38,11,2,9,0,0),(1,1935,24,5,39,32,11,2,9,0,1),(2,1935,29,2,62,35,13,3,6,0,0),(3,1935,31,1,59,33,14,3,5,0,0),(6,1935,15,11,34,50,6,3,13,0,0),(7,1935,17,9,36,53,8,1,13,0,0),(10,1935,27,4,58,46,13,1,8,0,0),(12,1935,19,8,36,42,7,5,10,0,0),(13,1935,20,7,31,46,9,2,11,0,1),(14,1935,28,3,63,47,12,4,6,0,0),(15,1935,16,10,27,48,6,4,12,0,0),(16,1935,24,6,37,41,11,2,9,0,0),(17,1935,14,12,46,55,7,0,15,0,0),(1,1939,19,9,32,38,8,3,11,0,0),(2,1939,25,4,47,35,12,1,9,0,0),(3,1939,26,3,57,44,11,4,7,0,0),(7,1939,24,5,43,43,11,2,9,0,0),(10,1939,13,12,37,57,6,1,15,0,0),(12,1939,21,8,40,36,9,3,10,0,0),(13,1939,16,11,26,51,6,4,12,0,1),(15,1939,28,2,60,44,11,6,5,0,0),(16,1939,23,6,41,34,9,5,8,0,0),(18,1939,29,1,43,29,14,1,7,0,0),(19,1939,21,7,30,40,7,7,8,0,0),(20,1939,19,10,45,50,9,1,12,0,0),(1,1940,27,4,55,45,13,1,8,0,0),(2,1940,24,6,51,38,11,2,9,0,0),(3,1940,31,2,49,24,13,5,4,0,0),(7,1940,22,7,50,54,10,2,10,0,0),(12,1940,27,3,60,52,11,5,6,0,0),(14,1940,16,8,36,63,7,2,13,0,0),(15,1940,26,5,70,43,12,2,8,0,0),(16,1940,16,9,28,67,7,2,13,0,0),(18,1940,33,1,70,36,13,7,2,0,0),(19,1940,14,11,26,41,5,4,13,0,0),(20,1940,15,10,45,51,7,1,14,0,0),(21,1940,13,12,29,55,5,3,14,0,0),(1,1941,19,12,57,66,8,3,15,0,3),(2,1941,33,2,65,43,14,5,7,0,0),(3,1941,27,7,55,41,10,7,9,0,0),(4,1941,12,14,31,77,5,2,19,0,1),(7,1941,26,9,49,42,10,6,10,0,0),(12,1941,40,1,85,39,18,4,4,0,0),(14,1941,23,11,42,63,8,7,11,0,0),(15,1941,27,6,58,45,10,7,9,0,1),(16,1941,17,13,42,71,6,5,15,0,0),(18,1941,33,3,50,44,14,5,7,0,0),(20,1941,28,5,53,58,11,6,9,0,0),(22,1941,28,4,36,37,12,4,10,0,0),(23,1941,26,8,54,63,10,6,10,0,0),(24,1941,25,10,64,52,10,5,11,0,0),(1,1942,32,3,77,50,14,4,8,0,0),(2,1942,25,10,52,50,10,5,11,0,0),(3,1942,36,1,73,38,16,4,6,0,0),(7,1942,24,11,45,51,9,6,11,0,0),(12,1942,27,7,58,45,10,7,9,0,0),(13,1942,10,14,28,74,2,6,18,0,1),(14,1942,28,6,53,63,12,4,10,0,1),(15,1942,33,2,63,47,15,3,8,0,0),(18,1942,27,8,54,44,11,5,10,0,1),(19,1942,13,13,25,57,2,9,15,0,0),(20,1942,30,5,52,50,14,2,10,0,2),(22,1942,26,9,35,32,7,12,7,0,0),(23,1942,31,4,41,43,13,5,8,0,0),(24,1942,22,12,56,68,9,4,13,0,0),(1,1943,28,6,59,46,10,8,8,0,1),(2,1943,28,7,48,38,11,6,9,0,0),(3,1943,25,10,47,51,10,5,11,0,0),(4,1943,17,13,34,54,5,7,14,0,0),(7,1943,23,11,42,50,9,5,12,0,1),(12,1943,40,1,73,32,18,4,4,0,0),(14,1943,29,4,71,47,12,5,9,0,0),(15,1943,32,3,60,46,12,8,6,0,0),(18,1943,34,2,66,49,15,4,7,0,0),(20,1943,9,14,23,75,2,5,19,0,1),(22,1943,19,12,35,64,6,7,13,0,0),(23,1943,29,5,42,36,13,3,10,0,0),(24,1943,26,8,41,46,9,8,9,0,0),(25,1943,25,9,53,60,11,3,12,0,0),(1,1944,39,1,50,30,17,5,4,0,0),(2,1944,38,2,68,35,18,2,6,0,0),(3,1944,30,6,54,41,14,2,10,0,0),(7,1944,23,9,44,39,10,3,13,0,0),(12,1944,30,5,61,35,12,6,8,0,0),(14,1944,31,4,50,48,13,5,8,0,0),(15,1944,22,10,52,49,9,4,13,0,0),(18,1944,31,3,46,41,13,5,8,0,0),(21,1944,19,11,40,58,7,5,14,0,0),(22,1944,17,14,36,62,5,7,14,0,0),(23,1944,24,8,43,50,10,4,12,0,0),(24,1944,19,12,40,55,7,5,14,0,2),(25,1944,17,13,30,67,6,5,15,0,0),(26,1944,24,7,42,46,9,6,11,0,0),(1,1945,35,2,48,31,14,7,5,0,0),(2,1945,31,4,46,30,11,9,6,0,1),(3,1945,33,3,63,38,14,5,7,0,0),(7,1945,19,12,41,53,6,7,13,0,1),(12,1945,28,6,44,36,9,10,7,0,0),(14,1945,30,5,44,37,10,10,6,0,0),(15,1945,36,1,53,37,14,8,4,0,0),(16,1945,15,14,30,59,5,5,16,0,0),(18,1945,26,7,50,48,10,6,10,0,1),(20,1945,21,10,57,56,9,3,14,0,0),(21,1945,20,11,21,39,5,10,11,0,0),(23,1945,26,8,38,54,11,4,11,0,1),(26,1945,25,9,37,39,9,7,10,0,0),(27,1945,19,13,39,54,7,5,14,0,0),(1,1946,31,4,59,42,14,3,9,0,0),(2,1946,27,7,62,56,11,5,10,0,2),(3,1946,34,2,72,38,15,4,7,0,1),(7,1946,19,11,46,59,9,1,16,0,0),(12,1946,34,1,54,34,16,2,8,0,1),(14,1946,27,8,52,42,10,7,9,0,0),(15,1946,29,6,54,48,12,5,9,0,0),(18,1946,32,3,58,44,13,6,7,0,0),(20,1946,26,9,53,48,11,4,11,0,0),(21,1946,19,12,30,58,6,7,13,0,0),(22,1946,18,13,32,60,5,8,13,0,0),(23,1946,13,14,39,80,4,5,17,0,2),(25,1946,30,5,42,36,11,8,7,0,0),(26,1946,25,10,51,59,10,5,11,0,1),(1,1947,37,1,65,31,15,7,4,0,0),(2,1947,21,11,41,56,7,7,12,0,0),(3,1947,28,6,56,44,12,4,10,0,0),(4,1947,19,13,38,56,8,3,15,0,0),(6,1947,33,3,73,45,13,7,6,0,0),(7,1947,24,8,39,47,9,6,11,0,0),(12,1947,34,2,59,34,15,4,7,0,0),(14,1947,23,9,49,57,9,5,12,0,0),(15,1947,29,5,50,40,12,5,9,0,0),(20,1947,31,4,59,48,14,3,9,0,0),(25,1947,21,12,41,62,9,3,14,0,0),(26,1947,18,14,37,69,7,4,15,0,0),(27,1947,22,10,40,52,9,4,13,0,1),(28,1947,24,7,49,55,10,4,12,0,0),(1,1948,37,1,66,36,16,5,5,0,1),(2,1948,34,3,67,42,15,4,7,0,0),(3,1948,24,6,61,63,11,2,13,0,0),(6,1948,34,4,54,32,15,4,7,0,1),(7,1948,24,7,51,46,10,4,12,0,0),(12,1948,35,2,78,47,16,3,7,0,0),(14,1948,30,5,50,43,13,4,9,0,1),(15,1948,23,8,35,40,11,1,14,0,0),(20,1948,22,11,51,64,9,4,13,0,0),(22,1948,22,10,56,60,9,4,13,0,0),(25,1948,13,14,43,81,5,3,18,0,2),(27,1948,21,13,30,54,8,5,13,0,0),(28,1948,23,9,59,72,10,3,13,0,2),(29,1948,22,12,38,59,10,2,14,0,0),(1,1949,29,5,67,47,13,3,10,0,1),(2,1949,31,4,60,49,11,9,6,0,0),(3,1949,29,6,72,66,12,5,9,0,0),(4,1949,27,8,57,43,9,9,8,0,0),(6,1949,33,1,71,51,15,3,8,0,0),(7,1949,22,11,42,64,8,6,12,0,0),(12,1949,31,3,71,43,12,7,7,0,0),(14,1949,15,14,30,65,4,7,15,0,0),(15,1949,25,10,60,61,11,3,12,0,0),(20,1949,28,7,63,50,13,2,11,0,0),(22,1949,32,2,48,38,12,8,6,0,0),(28,1949,16,13,39,99,7,2,17,0,1),(29,1949,25,9,49,46,8,9,9,0,1),(30,1949,21,12,44,51,8,5,13,0,0),(1,1950,35,4,83,61,16,3,11,0,2),(2,1950,31,9,80,71,13,5,12,0,0),(3,1950,33,7,88,56,15,3,12,0,0),(4,1950,35,5,77,56,15,5,10,0,1),(6,1950,40,1,87,50,17,6,7,0,1),(7,1950,30,11,82,72,13,4,13,0,0),(10,1950,30,10,49,60,12,6,12,0,0),(12,1950,37,3,64,48,17,3,10,0,0),(15,1950,38,2,79,46,17,4,9,0,2),(20,1950,33,8,62,56,15,3,12,0,0),(21,1950,19,14,40,86,8,3,19,0,0),(22,1950,30,12,64,47,13,4,13,0,0),(27,1950,14,15,36,92,6,2,22,0,1),(29,1950,33,6,51,51,14,5,11,0,0),(30,1950,29,13,55,52,12,5,13,0,0),(31,1950,13,16,41,134,6,1,23,0,0),(1,1951,43,1,92,43,19,5,6,0,2),(2,1951,38,3,79,50,16,6,8,0,2),(3,1951,40,2,78,46,17,6,7,0,1),(4,1951,26,10,60,59,11,4,15,0,0),(6,1951,37,4,80,57,16,5,9,0,0),(7,1951,32,7,69,62,14,4,12,0,1),(10,1951,25,14,45,65,9,7,14,0,0),(12,1951,35,5,68,51,15,5,10,0,1),(15,1951,32,6,69,57,14,4,12,0,0),(19,1951,25,12,54,73,10,5,15,0,0),(20,1951,27,9,64,66,12,3,15,0,1),(22,1951,25,11,46,70,10,5,15,0,1),(26,1951,25,13,49,75,10,5,15,0,0),(29,1951,29,8,47,43,9,11,10,0,0),(32,1951,22,15,36,85,9,4,17,0,1),(33,1951,19,16,51,85,7,5,18,0,1),(1,1952,42,1,82,43,19,4,7,0,3),(2,1952,39,3,67,49,18,3,9,0,1),(3,1952,32,6,83,52,14,4,12,0,0),(4,1952,28,10,54,61,10,8,12,0,0),(6,1952,30,8,65,70,13,4,13,0,0),(7,1952,36,4,64,40,16,4,10,0,0),(10,1952,27,11,46,61,11,5,14,0,2),(12,1952,40,2,66,42,16,8,6,0,1),(14,1952,29,9,63,62,12,5,13,0,0),(15,1952,34,5,70,57,16,2,12,0,1),(19,1952,17,16,38,74,6,5,19,0,1),(20,1952,25,13,54,69,10,5,15,0,1),(22,1952,24,14,49,78,9,6,15,0,0),(26,1952,30,7,39,54,11,8,11,0,1),(29,1952,25,12,48,54,10,5,15,0,0),(30,1952,22,15,47,69,10,2,18,0,2),(1,1953,36,2,74,39,16,4,10,0,2),(2,1953,40,1,72,41,17,6,7,0,1),(3,1953,32,6,54,44,12,8,10,0,0),(4,1953,29,9,44,58,11,7,12,0,0),(6,1953,29,11,57,47,11,7,12,0,1),(7,1953,34,4,50,36,14,6,10,0,2),(10,1953,31,8,53,61,12,7,11,0,2),(12,1953,34,3,69,51,14,6,10,0,0),(14,1953,22,15,31,53,8,6,16,0,0),(15,1953,32,5,57,49,15,2,13,0,0),(17,1953,28,13,46,54,12,4,14,0,3),(20,1953,29,10,47,54,12,5,13,0,2),(22,1953,31,7,41,46,13,5,12,0,0),(26,1953,16,16,44,81,7,2,21,0,1),(29,1953,29,12,50,60,12,5,13,0,0),(34,1953,28,14,55,70,11,6,13,0,0),(1,1954,41,2,75,39,17,7,6,0,1),(2,1954,46,1,80,31,20,6,4,0,0),(3,1954,39,3,78,39,15,9,6,0,1),(4,1954,24,14,48,53,9,6,15,0,1),(6,1954,29,8,59,64,11,7,12,0,0),(7,1954,26,13,42,46,8,10,12,0,1),(10,1954,20,15,39,81,9,2,19,0,2),(11,1954,27,10,51,62,11,5,14,0,0),(12,1954,33,5,71,60,15,3,12,0,0),(15,1954,34,4,74,58,15,4,11,0,2),(16,1954,31,6,46,57,11,9,10,0,2),(20,1954,27,11,55,60,10,7,13,0,0),(22,1954,30,7,52,59,12,6,12,0,1),(29,1954,27,9,48,56,11,5,14,0,3),(30,1954,19,16,36,65,6,7,17,0,0),(32,1954,27,12,45,69,10,7,13,0,0),(1,1955,47,2,67,26,22,3,5,0,0),(2,1955,38,3,81,39,18,2,10,0,2),(3,1955,48,1,79,31,22,4,4,0,2),(4,1955,30,8,48,53,11,8,11,0,1),(6,1955,33,5,75,49,14,5,11,0,0),(7,1955,31,7,50,56,14,3,13,0,2),(11,1955,24,14,49,73,9,6,15,0,1),(12,1955,32,6,58,50,13,6,11,0,1),(15,1955,36,4,75,44,17,2,11,0,1),(16,1955,13,16,33,86,5,3,22,0,2),(20,1955,27,10,52,75,12,3,15,0,1),(21,1955,25,13,46,66,10,5,15,0,1),(22,1955,26,12,60,80,11,4,15,0,1),(29,1955,30,9,52,55,13,4,13,0,1),(32,1955,26,11,49,60,11,4,15,0,3),(35,1955,14,15,34,65,5,4,21,0,0),(1,1956,39,3,70,37,16,7,7,0,1),(2,1956,44,1,74,35,20,4,6,0,0),(3,1956,37,4,59,45,16,5,9,0,0),(4,1956,26,12,39,47,9,8,13,0,2),(6,1956,34,5,65,45,15,4,11,0,0),(7,1956,30,7,39,48,11,8,11,0,1),(12,1956,27,11,43,46,10,7,13,0,0),(15,1956,39,2,64,49,17,5,8,0,0),(17,1956,31,6,40,38,12,7,11,0,0),(19,1956,28,9,37,51,11,6,13,0,0),(20,1956,23,13,39,47,8,7,15,0,1),(22,1956,22,15,41,61,10,2,18,0,1),(29,1956,28,8,52,58,11,6,13,0,0),(32,1956,27,10,41,58,9,9,12,0,3),(34,1956,23,14,37,55,9,5,16,0,0),(36,1956,22,16,37,57,7,8,15,0,0),(1,1957,38,3,69,38,17,4,9,0,3),(2,1957,45,1,71,26,20,5,5,0,0),(3,1957,32,6,56,48,14,4,12,0,1),(4,1957,27,9,38,44,10,7,13,0,2),(6,1957,42,2,78,43,16,10,4,0,2),(7,1957,28,8,48,46,11,6,13,0,1),(12,1957,36,4,56,40,13,10,7,0,0),(15,1957,25,10,45,55,9,7,14,0,3),(17,1957,35,5,53,43,15,5,10,0,1),(19,1957,24,14,39,52,8,8,14,0,0),(20,1957,32,7,50,51,13,6,11,0,0),(24,1957,24,13,35,53,11,2,17,0,1),(26,1957,24,12,46,57,10,4,16,0,0),(29,1957,23,15,45,73,9,5,16,0,0),(32,1957,25,11,34,65,9,7,14,0,1),(34,1957,20,16,29,58,9,2,19,0,1),(1,1958,51,1,96,26,24,3,3,0,2),(2,1958,47,2,89,29,21,5,4,0,2),(3,1958,36,3,72,33,17,2,11,0,0),(4,1958,28,10,32,33,9,10,11,0,0),(6,1958,32,5,58,48,13,6,11,0,2),(7,1958,29,7,42,45,11,7,12,0,0),(12,1958,33,4,47,41,13,7,10,0,1),(13,1958,32,6,54,53,14,4,12,0,2),(14,1958,27,11,31,49,11,5,14,0,1),(15,1958,26,12,44,58,12,2,16,0,1),(17,1958,28,8,44,59,12,4,14,0,0),(19,1958,28,9,47,60,12,4,14,0,1),(20,1958,13,16,21,59,4,5,21,0,2),(24,1958,26,13,30,43,11,4,15,0,1),(26,1958,20,15,25,70,7,6,17,0,0),(32,1958,24,14,43,69,10,4,16,0,1),(1,1959,46,1,86,28,22,2,6,0,1),(2,1959,46,2,92,36,21,4,5,0,1),(3,1959,39,3,74,45,19,1,10,0,0),(4,1959,23,14,41,61,10,3,17,0,3),(6,1959,33,5,59,40,15,3,12,0,2),(7,1959,30,8,33,29,11,8,11,0,1),(12,1959,28,9,37,33,11,6,13,0,0),(13,1959,33,7,42,53,15,3,12,0,2),(14,1959,33,6,38,51,13,7,10,0,0),(15,1959,36,4,63,44,16,4,10,0,1),(17,1959,18,15,42,75,8,2,20,0,0),(19,1959,25,11,49,58,10,5,15,0,1),(24,1959,25,12,38,52,10,5,15,0,3),(29,1959,25,13,48,61,11,3,16,0,2),(32,1959,13,16,24,77,5,3,22,0,4),(37,1959,27,10,41,64,11,5,14,0,2),(1,1960,32,4,62,47,13,6,11,0,1),(2,1960,52,1,89,25,24,4,2,0,2),(3,1960,30,7,42,41,12,6,12,0,1),(4,1960,30,8,37,46,10,10,10,0,2),(6,1960,40,2,57,35,17,6,7,0,0),(7,1960,27,10,46,46,12,3,15,0,0),(10,1960,26,12,42,47,11,4,15,0,0),(12,1960,32,5,46,42,11,10,9,0,0),(13,1960,30,6,42,44,11,8,11,0,2),(14,1960,26,13,39,54,10,6,14,0,1),(15,1960,27,11,42,46,9,9,12,0,5),(19,1960,33,3,54,53,12,9,9,0,1),(24,1960,17,16,32,61,5,7,18,0,0),(29,1960,25,15,39,52,11,3,16,0,2),(37,1960,25,14,48,75,9,7,14,0,2),(38,1960,28,9,38,41,12,4,14,0,4),(1,1961,40,2,81,46,18,4,8,0,2),(2,1961,43,1,58,24,19,5,6,0,0),(3,1961,32,5,52,38,12,8,10,0,0),(4,1961,23,15,37,49,9,5,16,0,0),(6,1961,36,3,50,36,15,6,9,0,1),(7,1961,26,13,45,55,8,10,12,0,1),(10,1961,26,14,35,54,11,4,15,0,2),(12,1961,31,7,50,50,12,7,11,0,1),(13,1961,28,9,39,51,10,8,12,0,0),(14,1961,27,10,27,47,10,7,13,0,0),(15,1961,31,6,48,45,12,7,11,0,2),(17,1961,27,12,54,59,10,7,13,0,0),(19,1961,35,4,70,51,15,5,10,0,1),(37,1961,29,8,52,52,10,9,11,0,1),(38,1961,27,11,30,47,11,5,14,0,1),(39,1961,19,16,33,57,6,7,17,0,2),(1,1962,31,6,45,36,11,9,10,0,0),(2,1962,49,1,83,33,23,3,4,0,0),(3,1962,28,10,41,40,10,8,12,0,0),(6,1962,37,2,61,36,14,9,7,0,2),(12,1962,31,7,49,36,14,3,13,0,2),(13,1962,28,9,41,47,12,4,14,0,1),(14,1962,33,3,52,46,15,3,12,0,1),(15,1962,27,11,40,55,11,5,14,0,0),(17,1962,24,15,39,50,9,6,15,0,1),(19,1962,32,5,54,39,14,4,12,0,2),(22,1962,25,14,33,48,11,3,16,0,2),(29,1962,33,4,51,53,15,3,12,0,0),(30,1962,20,16,25,70,8,4,18,0,3),(37,1962,29,8,48,59,11,7,12,0,0),(38,1962,26,13,47,57,11,4,15,0,1),(40,1962,27,12,35,39,12,3,15,0,0),(1,1963,42,2,74,38,19,4,7,0,0),(2,1963,46,1,61,23,22,2,6,0,2),(3,1963,29,8,43,40,12,5,13,0,1),(6,1963,29,7,37,34,10,9,11,0,0),(7,1963,25,13,34,47,10,5,15,0,1),(12,1963,32,6,53,47,16,0,14,0,1),(13,1963,37,3,47,36,15,7,8,0,1),(14,1963,25,14,27,42,10,5,15,0,0),(15,1963,29,9,33,38,9,11,10,0,5),(19,1963,34,4,52,42,14,6,10,0,2),(21,1963,26,12,41,54,11,4,15,0,0),(29,1963,19,16,27,58,7,5,18,0,1),(37,1963,33,5,35,31,13,7,10,0,1),(40,1963,26,11,32,38,10,6,14,0,1),(41,1963,27,10,43,56,10,7,13,0,2),(42,1963,21,15,30,45,8,5,17,0,0),(1,1964,32,6,59,41,14,4,12,0,1),(2,1964,47,1,64,18,21,5,4,0,3),(3,1964,32,7,36,41,13,6,11,0,1),(6,1964,43,2,58,27,20,3,7,0,1),(7,1964,25,11,37,39,12,1,17,0,1),(12,1964,38,4,59,37,17,4,9,0,1),(13,1964,23,12,33,45,8,7,15,0,0),(14,1964,20,15,22,54,7,6,17,0,0),(15,1964,26,10,38,50,11,4,15,0,2),(19,1964,40,3,60,37,19,2,9,0,0),(21,1964,23,13,28,49,5,13,12,0,1),(22,1964,15,16,18,50,6,3,21,0,1),(32,1964,29,9,36,43,11,7,12,0,3),(37,1964,31,8,38,43,14,3,13,0,0),(40,1964,35,5,36,34,16,3,11,0,0),(41,1964,21,14,37,51,8,5,17,0,0),(1,1965,38,3,51,27,16,6,8,0,0),(2,1965,43,2,53,30,19,5,6,0,0),(3,1965,34,5,43,32,14,6,10,0,0),(6,1965,44,1,54,20,18,8,4,0,0),(7,1965,24,12,31,48,7,10,13,0,2),(12,1965,27,9,40,35,11,5,14,0,3),(13,1965,23,16,36,60,7,9,14,0,1),(15,1965,27,8,27,38,9,9,12,0,2),(19,1965,36,4,47,29,14,8,8,0,3),(25,1965,23,14,30,46,10,3,17,0,2),(30,1965,24,13,24,37,8,8,14,0,0),(32,1965,26,10,32,39,9,8,13,0,0),(37,1965,32,6,36,37,12,8,10,0,2),(38,1965,23,15,40,55,9,5,16,0,2),(40,1965,25,11,34,42,10,5,15,0,1),(42,1965,31,7,31,34,13,5,12,0,1),(1,1966,42,2,58,29,20,2,8,0,0),(2,1966,47,1,58,22,19,9,2,0,1),(3,1966,31,7,43,36,11,9,10,0,1),(6,1966,35,4,57,30,14,7,9,0,1),(7,1966,37,3,50,40,15,7,8,0,3),(12,1966,32,6,58,37,14,4,12,0,0),(15,1966,25,13,28,47,9,7,14,0,1),(16,1966,20,15,32,60,6,8,16,0,2),(19,1966,34,5,51,50,14,6,10,0,1),(22,1966,18,16,25,57,7,4,19,0,0),(24,1966,23,14,32,46,8,7,15,0,0),(25,1966,30,8,35,38,11,8,11,0,0),(32,1966,26,11,32,38,8,10,12,0,0),(37,1966,27,9,41,50,9,9,12,0,0),(40,1966,26,12,28,44,9,8,13,0,1),(42,1966,27,10,28,32,9,9,12,0,2),(1,1967,39,2,48,29,15,9,6,0,2),(2,1967,42,1,55,26,16,10,4,0,0),(3,1967,32,7,51,28,11,10,9,0,1),(4,1967,24,14,38,43,9,6,15,0,2),(6,1967,33,6,38,32,12,9,9,0,0),(7,1967,29,9,48,44,12,5,13,0,0),(12,1967,34,4,52,38,13,8,9,0,1),(13,1967,20,15,30,58,8,4,18,0,1),(15,1967,20,16,31,56,6,8,16,0,3),(19,1967,33,5,43,34,13,7,10,0,2),(25,1967,26,12,34,51,10,6,14,0,2),(30,1967,27,10,29,37,9,9,12,0,4),(32,1967,38,3,56,41,17,4,9,0,2),(37,1967,27,11,30,39,11,5,14,0,0),(40,1967,25,13,35,57,11,3,16,0,3),(42,1967,31,8,36,41,12,7,11,0,1),(1,1968,36,3,40,18,13,10,7,0,1),(2,1968,47,1,46,21,18,11,1,0,1),(3,1968,28,11,42,46,10,8,12,0,2),(4,1968,29,7,36,33,10,9,11,0,0),(6,1968,30,6,40,37,10,10,10,0,1),(7,1968,24,15,29,36,8,8,14,0,2),(12,1968,31,5,36,39,10,11,9,0,1),(19,1968,26,13,36,36,8,10,12,0,0),(22,1968,28,10,39,44,11,6,13,0,1),(24,1968,29,8,26,38,11,7,12,0,2),(25,1968,32,4,33,34,10,12,8,0,1),(30,1968,25,14,37,42,9,7,14,0,1),(32,1968,38,2,45,34,15,8,7,0,1),(37,1968,29,9,25,23,7,15,8,0,1),(40,1968,21,16,31,57,5,11,14,0,1),(42,1968,27,12,20,23,7,13,10,0,3),(1,1969,35,4,40,31,13,9,8,0,3),(2,1969,35,6,50,42,13,9,8,0,0),(3,1969,41,2,44,20,17,7,6,0,3),(4,1969,33,7,47,37,15,3,12,0,0),(6,1969,42,1,53,22,18,6,6,0,0),(12,1969,35,5,35,23,15,5,10,0,1),(15,1969,35,3,39,32,14,7,9,0,0),(19,1969,33,8,35,39,13,7,10,0,1),(20,1969,27,10,31,39,10,7,13,0,0),(22,1969,25,14,25,32,8,9,13,0,1),(24,1969,26,12,20,31,8,10,12,0,2),(25,1969,25,13,31,37,10,5,15,0,1),(32,1969,27,9,32,40,10,7,13,0,2),(37,1969,26,11,32,44,8,10,12,0,0),(38,1969,22,15,33,52,7,8,15,0,2),(42,1969,13,16,20,46,4,5,21,0,0),(1,1970,43,2,50,22,19,5,6,3,0),(2,1970,41,4,46,24,17,7,6,0,0),(3,1970,35,5,40,31,14,7,9,0,0),(4,1970,29,8,23,27,10,9,11,0,1),(6,1970,42,3,51,20,17,8,5,3,2),(7,1970,25,11,18,25,8,9,13,5,1),(12,1970,43,1,41,19,18,7,5,1,0),(15,1970,32,7,34,42,13,6,11,1,2),(19,1970,15,16,22,54,3,9,18,1,0),(20,1970,35,6,37,32,15,5,10,2,2),(24,1970,28,10,33,34,10,8,12,0,0),(25,1970,21,13,28,49,8,5,17,0,2),(26,1970,25,12,35,44,10,5,15,1,1),(30,1970,28,9,27,32,8,12,10,0,1),(32,1970,20,14,33,42,5,10,15,2,1),(37,1970,18,15,25,46,4,10,16,0,1),(1,1971,43,3,40,26,17,9,8,6,0),(2,1971,47,1,51,27,19,9,6,7,2),(3,1971,34,9,39,32,15,4,15,11,1),(4,1971,34,8,38,36,14,6,14,10,2),(6,1971,39,4,45,28,14,11,9,9,2),(7,1971,32,12,43,43,12,8,14,13,1),(12,1971,45,2,53,30,19,7,8,10,2),(13,1971,30,13,25,45,10,10,14,15,2),(15,1971,27,16,35,45,9,9,16,20,2),(20,1971,33,10,37,42,10,13,11,9,4),(22,1971,30,14,28,38,11,8,15,7,1),(24,1971,36,6,40,34,14,8,12,11,4),(25,1971,23,18,27,52,7,9,18,7,1),(26,1971,32,11,41,37,12,8,14,7,1),(30,1971,35,7,27,31,9,17,8,12,1),(32,1971,38,5,40,36,15,8,11,6,1),(40,1971,25,17,32,51,6,13,15,21,1),(43,1971,29,15,34,42,11,7,16,20,0),(1,1972,46,2,41,21,18,10,6,11,1),(2,1972,43,4,45,29,17,9,8,9,2),(3,1972,33,9,41,38,12,9,13,26,3),(4,1972,34,7,37,39,13,8,13,10,2),(6,1972,48,1,49,29,20,8,6,16,3),(7,1972,45,3,48,27,17,11,6,10,1),(12,1972,34,6,37,33,12,10,12,17,3),(13,1972,28,16,29,36,7,14,13,19,3),(14,1972,30,12,33,44,9,12,13,12,1),(19,1972,34,8,36,36,10,14,10,8,2),(20,1972,29,15,30,37,10,9,15,14,2),(22,1972,27,17,22,44,7,13,14,10,3),(23,1972,35,5,44,38,13,9,12,15,1),(24,1972,29,13,25,32,9,11,14,11,4),(26,1972,29,14,32,37,11,7,16,10,1),(30,1972,33,10,33,29,11,11,12,23,5),(32,1972,31,11,38,44,11,9,14,9,0),(43,1972,24,18,36,63,9,6,19,13,1),(1,1973,50,1,75,24,21,8,5,21,0),(2,1973,34,8,48,38,13,8,13,10,5),(3,1973,37,5,35,31,15,7,12,19,3),(4,1973,39,4,46,45,16,7,11,17,2),(6,1973,42,2,50,31,18,6,10,23,1),(7,1973,34,9,34,38,13,8,13,15,2),(10,1973,27,17,36,54,8,11,15,17,2),(12,1973,33,10,41,33,13,7,14,19,1),(14,1973,24,18,29,52,9,6,19,29,1),(19,1973,40,3,51,38,16,8,10,13,2),(20,1973,30,12,43,49,12,6,16,34,3),(21,1973,29,15,27,37,10,9,15,30,2),(23,1973,29,16,28,46,9,11,14,19,4),(24,1973,36,6,34,35,12,12,10,27,2),(26,1973,30,13,49,59,13,4,17,22,5),(30,1973,36,7,31,32,12,12,10,33,1),(32,1973,33,11,28,35,14,5,15,11,0),(37,1973,29,14,25,33,11,7,16,28,2),(1,1974,37,3,57,36,15,7,12,31,3),(2,1974,50,1,66,34,20,10,4,15,1),(3,1974,33,10,40,42,13,7,14,26,1),(4,1974,36,4,37,32,12,12,10,26,1),(6,1974,35,6,46,34,11,13,10,25,3),(7,1974,33,11,38,47,14,5,15,27,2),(12,1974,32,12,53,48,12,8,14,20,4),(13,1974,34,9,35,41,14,6,14,31,3),(16,1974,36,5,37,36,11,14,9,38,2),(19,1974,38,2,58,47,15,8,11,29,1),(20,1974,30,17,30,41,10,10,14,35,4),(21,1974,23,18,31,66,7,9,18,37,4),(24,1974,31,15,35,47,10,11,13,20,0),(26,1974,32,14,40,40,11,10,13,28,1),(30,1974,31,16,33,42,13,5,16,42,3),(32,1974,32,13,41,39,12,8,14,21,2),(37,1974,34,8,35,44,13,8,13,42,3),(44,1974,35,7,33,29,10,15,9,20,1),(1,1975,43,2,61,41,18,7,9,35,1),(2,1975,48,1,54,26,20,8,6,24,1),(3,1975,39,5,43,38,14,11,9,26,2),(4,1975,34,8,45,45,12,10,12,19,0),(6,1975,42,3,60,38,18,6,10,38,4),(7,1975,40,4,48,45,18,4,12,32,1),(10,1975,32,12,45,56,14,4,16,31,1),(12,1975,32,10,43,41,12,8,14,32,3),(13,1975,35,7,34,50,15,5,14,38,3),(14,1975,27,16,41,45,11,5,18,20,1),(15,1975,32,11,35,39,13,6,15,33,4),(16,1975,36,6,33,37,12,12,10,45,1),(19,1975,30,14,45,43,11,8,15,31,4),(24,1975,26,17,29,50,8,10,16,32,1),(26,1975,24,18,41,46,7,10,17,19,0),(32,1975,30,13,39,43,12,6,16,22,0),(37,1975,28,15,38,49,8,12,14,49,2),(44,1975,34,9,31,33,12,10,12,34,2),(1,1976,45,2,69,34,18,9,7,31,3),(2,1976,34,9,57,53,12,10,12,31,1),(3,1976,38,3,55,45,15,8,11,39,3),(4,1976,34,8,54,41,13,8,13,30,1),(6,1976,46,1,62,33,19,8,7,33,0),(7,1976,36,6,61,59,14,8,12,31,3),(10,1976,31,15,41,62,12,7,15,47,4),(12,1976,36,7,53,47,13,10,11,47,4),(13,1976,36,5,42,42,15,6,13,31,0),(15,1976,34,10,32,39,11,12,11,43,2),(16,1976,32,13,35,41,11,10,13,47,2),(19,1976,30,16,42,51,10,10,14,36,2),(20,1976,29,17,22,40,9,11,14,43,1),(30,1976,18,18,27,60,6,6,22,52,2),(32,1976,36,4,56,51,15,6,13,36,1),(37,1976,33,11,45,47,11,11,12,41,1),(43,1976,32,14,46,50,14,4,16,47,3),(44,1976,32,12,30,34,13,6,15,32,5),(1,1977,41,2,49,29,16,9,9,39,3),(2,1977,47,1,77,40,22,3,9,35,2),(3,1977,40,3,62,36,16,8,10,22,1),(4,1977,33,11,52,46,12,9,13,29,1),(6,1977,36,6,61,52,16,4,14,35,6),(7,1977,30,14,48,60,12,6,16,56,2),(10,1977,31,13,29,45,11,9,14,48,5),(12,1977,39,4,54,33,16,7,11,45,4),(13,1977,30,16,51,52,11,8,15,26,2),(15,1977,34,8,38,45,13,8,13,36,2),(16,1977,30,15,32,40,10,10,14,40,3),(26,1977,39,5,53,43,15,9,10,21,0),(32,1977,35,7,43,41,12,11,11,38,2),(37,1977,27,17,44,66,11,5,18,34,1),(43,1977,31,12,33,47,10,11,13,32,3),(44,1977,34,9,37,40,14,6,14,30,1),(45,1977,33,10,50,59,12,9,13,25,3),(46,1977,22,18,30,69,7,8,19,44,2),(1,1978,38,5,69,37,16,6,12,31,2),(2,1978,47,1,61,36,16,15,3,34,0),(3,1978,34,9,56,46,12,10,12,22,1),(4,1978,41,4,53,36,18,5,11,30,1),(6,1978,41,3,55,37,14,13,7,48,6),(7,1978,35,8,37,46,15,5,14,38,2),(10,1978,22,17,37,63,9,4,21,48,6),(12,1978,35,7,44,39,14,7,13,31,4),(15,1978,33,11,47,48,12,9,13,49,2),(16,1978,32,12,32,38,13,6,15,29,1),(19,1978,30,14,56,59,12,6,16,41,7),(20,1978,28,16,35,55,9,10,15,25,1),(26,1978,43,2,50,35,17,9,8,21,1),(32,1978,37,6,49,43,14,9,11,31,1),(43,1978,32,13,38,47,10,12,12,26,0),(44,1978,34,10,36,40,13,8,13,37,0),(45,1978,29,15,31,54,9,11,14,29,2),(47,1978,21,18,39,66,8,5,21,19,0),(1,1979,38,4,42,33,13,12,9,32,4),(2,1979,53,1,70,33,22,9,3,38,5),(3,1979,35,7,52,44,15,5,14,30,2),(4,1979,52,2,54,20,19,14,1,31,3),(6,1979,31,13,38,44,10,11,13,46,3),(7,1979,30,14,28,37,9,12,13,37,3),(12,1979,36,6,50,42,12,12,10,30,0),(13,1979,36,5,42,40,12,12,10,27,2),(15,1979,34,8,50,47,14,6,14,47,5),(16,1979,28,15,36,39,8,12,14,40,6),(19,1979,33,11,43,40,13,7,14,39,1),(26,1979,39,3,47,34,16,7,11,19,1),(30,1979,19,18,28,59,8,6,20,49,6),(32,1979,32,12,36,49,13,6,15,39,4),(43,1979,20,17,29,61,5,10,19,24,1),(44,1979,34,9,37,37,13,8,13,30,6),(45,1979,26,16,46,61,9,8,17,27,1),(48,1979,33,10,42,50,11,11,12,37,1),(1,1980,41,5,66,41,18,5,11,36,2),(2,1980,45,2,66,37,20,5,9,40,6),(3,1980,35,9,64,53,14,7,13,33,0),(4,1980,45,1,52,29,19,7,8,29,1),(6,1980,42,3,46,39,16,10,8,41,4),(7,1980,34,10,37,42,14,6,14,49,4),(12,1980,42,4,59,41,17,8,9,42,3),(13,1980,40,6,55,38,17,6,11,32,2),(15,1980,37,8,34,42,14,9,11,41,5),(16,1980,30,13,42,48,10,10,14,39,6),(17,1980,32,11,35,46,12,8,14,24,2),(19,1980,29,14,31,44,9,11,14,40,7),(21,1980,23,16,35,49,8,7,19,48,2),(26,1980,38,7,58,40,14,10,10,16,0),(29,1980,31,12,40,46,9,13,12,35,2),(32,1980,28,15,47,61,12,4,18,45,5),(44,1980,21,17,32,67,7,7,20,34,2),(48,1980,19,18,30,66,6,7,21,48,4),(1,1981,45,2,75,40,19,7,8,31,5),(2,1981,44,3,57,34,18,8,8,33,2),(3,1981,40,4,63,41,18,4,12,27,1),(4,1981,47,1,58,33,20,7,7,26,1),(6,1981,34,8,38,37,15,4,15,31,3),(7,1981,32,13,48,55,13,6,15,34,3),(10,1981,32,12,41,52,12,8,14,34,0),(12,1981,39,5,54,46,17,5,12,43,2),(13,1981,36,6,53,44,15,6,13,29,2),(15,1981,35,7,52,39,15,5,14,37,3),(16,1981,27,17,41,52,11,5,18,37,1),(17,1981,34,10,45,45,14,6,14,30,1),(19,1981,34,11,45,56,13,8,13,43,2),(23,1981,12,18,33,82,3,6,25,32,2),(26,1981,29,14,38,44,10,9,15,37,2),(29,1981,34,9,40,53,13,8,13,30,2),(32,1981,29,15,41,53,11,7,16,45,6),(46,1981,29,16,31,47,13,3,18,31,4),(1,1982,44,4,60,29,17,10,7,49,1),(2,1982,49,2,57,25,20,9,5,42,4),(3,1982,50,1,71,36,22,6,6,44,7),(4,1982,36,7,29,27,12,12,10,32,1),(6,1982,46,3,56,38,20,6,8,40,3),(7,1982,32,9,45,47,13,6,15,40,1),(10,1982,23,18,44,63,9,5,20,56,3),(12,1982,25,15,42,56,9,7,18,49,1),(13,1982,30,11,42,45,9,12,13,37,8),(15,1982,42,5,44,31,15,12,7,44,5),(17,1982,26,14,39,54,10,6,18,28,1),(19,1982,40,6,59,39,17,6,11,33,2),(20,1982,24,17,27,56,9,6,19,26,2),(26,1982,33,8,31,32,9,15,10,27,1),(29,1982,29,12,34,51,9,11,14,47,4),(30,1982,30,10,37,48,10,10,14,34,3),(32,1982,25,16,32,55,7,11,16,45,9),(44,1982,28,13,31,48,10,8,16,22,1),(1,1983,48,3,62,28,20,8,6,36,2),(2,1983,49,2,59,37,22,5,7,43,0),(3,1983,49,1,53,30,20,9,5,35,2),(4,1983,37,6,43,35,14,9,11,42,0),(6,1983,42,4,53,47,17,8,9,51,3),(7,1983,33,10,42,44,10,13,11,44,2),(12,1983,32,12,45,47,12,8,14,54,1),(13,1983,38,5,45,40,17,4,13,41,3),(15,1983,34,8,42,43,13,8,13,47,1),(17,1983,28,15,30,44,11,6,17,41,7),(19,1983,35,7,50,41,12,11,11,35,1),(21,1983,32,11,42,38,10,12,12,51,6),(26,1983,30,13,38,47,11,8,15,35,3),(29,1983,29,14,44,60,11,7,16,61,4),(30,1983,33,9,41,35,11,11,12,33,1),(38,1983,21,17,27,56,3,15,16,41,2),(44,1983,20,18,30,59,5,10,19,43,1),(46,1983,22,16,36,51,6,10,18,54,2),(1,1984,53,1,69,25,21,11,2,44,2),(2,1984,36,5,46,36,13,10,11,49,4),(3,1984,41,3,39,26,13,15,6,46,2),(4,1984,34,7,41,33,11,12,11,32,0),(6,1984,43,2,51,28,16,11,7,45,1),(7,1984,34,8,40,44,11,12,11,43,4),(10,1984,32,11,27,34,10,12,12,35,1),(12,1984,33,9,40,37,9,15,10,48,3),(13,1984,30,14,37,43,11,8,15,51,3),(15,1984,31,12,29,41,10,11,13,50,9),(16,1984,30,15,28,45,9,12,13,60,4),(17,1984,34,6,38,38,13,8,13,45,1),(19,1984,33,10,39,39,11,11,12,57,4),(21,1984,22,18,24,52,6,10,18,51,5),(26,1984,41,4,34,23,13,15,6,37,2),(29,1984,30,13,39,45,7,16,11,41,2),(30,1984,29,16,23,36,7,15,12,47,0),(37,1984,26,17,18,37,6,14,14,49,5),(1,1985,45,2,61,36,18,9,7,55,5),(2,1985,56,1,83,33,26,4,4,37,1),(3,1985,43,3,44,31,17,9,8,43,2),(4,1985,39,7,64,51,17,5,12,42,2),(6,1985,42,5,53,38,17,8,9,42,3),(7,1985,31,11,43,40,11,9,14,55,3),(10,1985,31,12,33,34,10,11,13,46,1),(12,1985,25,16,38,62,8,9,17,54,1),(13,1985,35,8,40,40,11,13,10,44,6),(15,1985,34,9,39,34,12,10,12,49,2),(16,1985,22,17,35,62,8,6,20,55,5),(17,1985,27,14,24,33,9,9,16,54,2),(19,1985,42,4,51,34,15,12,7,53,5),(20,1985,14,18,32,72,5,4,25,66,7),(26,1985,41,6,37,27,13,15,6,36,0),(29,1985,32,10,54,48,13,6,15,48,3),(32,1985,27,13,37,65,9,9,16,64,7),(46,1985,26,15,30,58,9,8,17,53,4),(1,1986,63,2,63,29,24,15,5,59,5),(2,1986,66,1,84,37,27,12,5,50,2),(3,1986,42,13,51,50,15,12,17,61,1),(4,1986,47,8,59,54,19,9,16,47,4),(6,1986,47,7,58,54,18,11,15,58,1),(7,1986,51,3,66,46,20,11,13,48,2),(10,1986,33,17,47,69,12,10,24,61,2),(13,1986,45,9,61,59,18,9,17,70,4),(15,1986,39,12,51,53,14,11,19,57,9),(17,1986,38,16,43,49,13,15,18,64,3),(19,1986,44,5,46,47,15,14,15,71,3),(21,1986,41,11,50,63,17,7,20,55,3),(25,1986,38,15,38,59,12,14,18,76,8),(26,1986,45,4,58,50,16,13,15,44,5),(29,1986,41,10,42,45,15,11,18,52,6),(32,1986,41,14,59,67,16,9,19,63,6),(38,1986,42,6,48,65,15,12,17,79,10),(46,1986,29,18,33,61,10,11,25,76,10),(1,1987,39,6,49,44,15,9,14,58,6),(2,1987,62,1,95,26,28,6,4,30,2),(3,1987,46,4,50,43,17,12,9,33,1),(4,1987,51,2,61,33,22,7,9,31,0),(6,1987,48,3,60,38,19,10,9,30,5),(7,1987,33,15,44,55,11,11,16,41,2),(12,1987,33,14,44,53,10,13,15,49,4),(13,1987,33,16,42,54,14,5,19,60,4),(15,1987,37,10,41,46,13,11,14,57,2),(17,1987,40,5,40,34,15,10,13,44,2),(19,1987,36,11,54,56,11,14,13,57,5),(20,1987,39,7,43,40,14,11,13,42,1),(21,1987,31,17,31,42,9,13,16,61,3),(25,1987,29,19,27,48,9,11,18,56,4),(26,1987,38,9,44,49,14,10,14,55,2),(29,1987,38,8,31,34,13,12,13,42,3),(32,1987,29,20,43,65,12,5,21,55,4),(38,1987,30,18,35,50,9,12,17,51,3),(46,1987,35,12,47,54,11,13,14,59,4),(49,1987,33,13,28,45,12,9,17,50,2),(1,1988,57,2,80,26,23,11,4,44,2),(2,1988,62,1,91,37,25,12,1,38,7),(3,1988,42,7,45,35,15,12,11,42,2),(4,1988,36,11,38,47,11,14,13,27,1),(6,1988,46,4,69,45,19,8,11,55,3),(7,1988,30,17,29,44,7,16,15,61,5),(12,1988,49,3,39,26,18,13,7,78,5),(13,1988,29,18,36,55,9,11,18,55,5),(14,1988,35,12,41,48,12,11,15,43,3),(15,1988,38,9,38,39,13,12,13,65,2),(17,1988,37,10,39,43,13,11,14,46,0),(19,1988,43,5,48,42,15,13,10,58,3),(20,1988,39,8,42,48,14,11,13,71,6),(21,1988,24,19,27,58,9,6,23,86,8),(26,1988,35,13,42,42,13,9,16,57,1),(29,1988,43,6,40,31,18,7,13,41,7),(30,1988,33,16,39,53,12,9,17,77,11),(37,1988,15,20,29,71,4,7,27,87,6),(46,1988,33,15,31,41,9,15,14,67,0),(49,1988,34,14,25,37,9,16,13,53,4),(1,1989,51,3,83,39,23,5,10,58,4),(2,1989,62,1,107,38,26,10,2,46,3),(3,1989,37,12,37,39,11,15,12,55,5),(4,1989,44,5,43,35,15,14,9,44,3),(6,1989,50,4,55,35,20,10,8,58,4),(12,1989,53,2,67,42,20,13,5,59,5),(14,1989,39,11,41,46,12,15,11,48,2),(15,1989,43,6,64,46,18,7,13,49,0),(17,1989,40,8,42,42,14,12,12,58,2),(19,1989,40,9,52,52,16,8,14,67,7),(20,1989,22,19,24,51,5,12,21,68,4),(23,1989,32,14,30,48,9,14,15,62,4),(26,1989,34,13,37,34,12,10,16,56,1),(29,1989,30,16,31,41,8,14,16,64,7),(30,1989,28,17,23,50,9,10,19,68,7),(38,1989,39,10,36,34,11,17,10,73,1),(39,1989,26,18,42,60,8,10,20,66,4),(45,1989,19,20,32,75,6,7,25,80,12),(46,1989,30,15,28,63,12,6,20,59,3),(49,1989,41,7,47,51,18,5,15,72,6),(1,1990,57,1,74,33,25,7,6,68,4),(2,1990,46,3,63,37,20,6,12,59,5),(3,1990,36,12,41,50,15,6,17,74,4),(4,1990,36,13,39,45,11,14,13,57,2),(6,1990,47,2,52,28,17,13,8,72,9),(7,1990,34,16,39,47,12,10,16,93,5),(12,1990,40,7,44,40,15,10,13,82,12),(13,1990,25,20,37,65,6,13,19,75,4),(14,1990,42,6,36,35,13,16,9,78,6),(15,1990,38,8,45,47,15,8,15,61,3),(17,1990,45,4,43,34,15,15,8,61,3),(19,1990,33,17,36,40,11,11,16,93,7),(23,1990,28,19,27,48,8,12,18,102,9),(26,1990,44,5,50,37,16,12,10,68,5),(29,1990,37,9,38,40,12,13,13,89,5),(38,1990,34,15,32,40,9,16,13,84,5),(39,1990,35,14,37,53,14,7,17,96,9),(46,1990,29,18,29,41,7,15,16,97,5),(49,1990,37,10,28,35,13,11,14,84,8),(50,1990,37,11,32,27,10,17,11,72,6),(1,1991,55,1,87,37,23,9,6,63,7),(2,1991,54,2,78,32,23,8,7,57,7),(3,1991,33,14,38,58,13,7,18,93,8),(4,1991,44,5,44,38,16,12,10,56,1),(6,1991,53,3,67,35,24,5,9,85,10),(7,1991,32,16,43,60,12,8,18,91,8),(12,1991,47,4,63,42,20,7,11,80,6),(14,1991,36,11,41,46,14,8,16,78,5),(15,1991,34,12,48,45,13,8,17,89,8),(17,1991,33,15,30,40,10,13,15,75,2),(19,1991,41,6,40,41,17,7,14,91,12),(22,1991,31,17,37,48,8,15,15,50,5),(26,1991,38,8,37,43,15,8,15,69,8),(29,1991,27,19,31,53,7,13,18,97,13),(38,1991,27,20,30,49,10,7,21,71,8),(39,1991,34,13,46,50,12,10,16,89,13),(46,1991,28,18,32,55,7,14,17,92,6),(49,1991,36,10,36,51,13,10,15,83,6),(50,1991,37,9,40,43,12,13,13,108,7),(51,1991,40,7,45,47,16,8,14,69,5),(1,1992,58,1,87,34,25,8,5,70,13),(2,1992,57,2,75,28,24,9,5,73,7),(3,1992,40,8,53,49,17,6,15,73,4),(4,1992,34,13,46,59,13,8,17,64,6),(6,1992,43,6,52,42,16,11,11,104,14),(7,1992,29,18,40,56,9,11,18,88,5),(12,1992,48,4,60,33,19,10,9,71,8),(14,1992,32,16,42,52,11,10,17,90,5),(15,1992,43,7,46,44,17,9,12,110,12),(17,1992,34,10,42,41,12,10,16,84,6),(19,1992,35,9,37,52,11,13,14,96,5),(20,1992,34,11,25,32,9,16,13,90,11),(22,1992,54,3,67,33,22,10,6,70,9),(26,1992,34,12,38,57,11,12,15,85,8),(39,1992,44,5,59,47,15,14,9,94,8),(45,1992,33,14,40,49,8,17,13,97,5),(46,1992,22,19,30,70,5,12,21,80,7),(49,1992,33,15,32,48,11,11,16,85,9),(50,1992,22,20,29,69,4,14,20,86,9),(51,1992,31,17,54,59,11,9,18,80,8),(1,1993,56,1,91,42,25,6,7,82,11),(2,1993,45,4,61,50,19,7,12,76,8),(3,1993,43,5,61,47,16,11,11,84,2),(4,1993,36,11,39,47,12,12,14,75,4),(6,1993,35,12,54,54,13,9,16,111,15),(10,1993,38,8,44,42,15,8,15,84,7),(12,1993,40,7,55,50,14,12,12,86,16),(14,1993,37,9,43,49,12,13,13,92,9),(15,1993,42,6,56,42,15,12,11,100,11),(17,1993,26,20,34,63,8,10,20,89,8),(19,1993,46,3,71,47,19,8,11,114,11),(20,1993,33,15,41,51,11,11,16,93,6),(22,1993,56,2,54,18,22,12,4,71,2),(26,1993,35,14,42,57,15,5,18,56,6),(29,1993,30,18,28,51,8,14,16,82,8),(31,1993,27,19,29,48,7,13,18,91,12),(39,1993,36,10,50,57,15,6,17,83,14),(45,1993,31,17,40,58,9,13,16,114,7),(49,1993,33,16,47,58,9,15,14,76,7),(51,1993,35,13,49,58,10,15,13,74,5),(1,1994,46,4,60,45,18,10,10,94,6),(2,1994,55,1,76,29,23,9,6,60,2),(3,1994,42,8,39,42,16,10,12,95,5),(4,1994,38,11,56,44,12,14,12,77,7),(6,1994,35,14,56,54,13,9,16,107,14),(7,1994,43,6,51,35,14,15,9,75,8),(10,1994,36,12,42,47,13,10,15,93,8),(12,1994,38,10,53,48,13,12,13,79,6),(13,1994,46,3,46,25,15,16,7,75,5),(14,1994,39,9,45,42,13,13,12,88,11),(15,1994,43,5,55,41,16,11,11,86,10),(19,1994,43,7,56,51,18,7,13,106,17),(20,1994,36,13,36,48,11,14,13,97,6),(22,1994,51,2,68,32,20,11,7,66,4),(26,1994,28,18,42,67,8,12,18,101,4),(29,1994,25,19,25,63,8,9,21,87,6),(39,1994,35,15,57,57,13,9,16,72,8),(49,1994,13,20,15,79,2,9,27,73,8),(51,1994,34,17,44,61,10,14,14,109,7),(52,1994,34,16,44,56,11,12,15,91,8),(1,1995,80,3,72,39,22,14,6,118,8),(2,1995,70,6,75,51,20,10,12,97,8),(3,1995,48,15,44,55,11,15,16,94,5),(4,1995,63,7,62,53,17,12,13,104,5),(6,1995,87,1,75,32,26,9,7,108,10),(7,1995,74,4,63,36,20,14,8,100,8),(10,1995,47,17,47,69,11,14,17,121,13),(12,1995,83,2,77,51,26,5,11,118,14),(13,1995,62,8,61,54,16,14,12,119,11),(14,1995,48,14,48,67,12,12,18,120,11),(15,1995,48,12,43,55,11,15,16,115,12),(19,1995,48,13,51,59,11,15,16,127,16),(20,1995,52,11,49,51,12,16,14,122,10),(22,1995,61,9,63,44,16,13,13,71,5),(26,1995,46,18,51,60,13,7,22,115,9),(29,1995,47,16,57,62,11,14,17,118,7),(39,1995,72,5,69,54,20,12,10,125,6),(44,1995,33,22,53,82,8,9,25,88,7),(45,1995,44,19,47,75,12,8,22,114,17),(51,1995,42,20,55,81,10,12,20,114,8),(52,1995,59,10,47,54,17,8,17,99,9),(53,1995,42,21,37,62,10,12,20,113,9),(1,1996,90,2,102,48,28,6,8,100,6),(2,1996,92,1,85,36,27,11,4,100,5),(3,1996,64,6,72,57,16,16,10,98,6),(4,1996,63,8,50,47,18,9,15,98,11),(6,1996,71,5,76,64,20,11,11,120,8),(7,1996,51,12,51,57,14,9,19,100,11),(10,1996,50,13,52,54,11,17,14,116,11),(12,1996,56,10,63,59,15,11,16,108,7),(13,1996,77,4,81,46,21,14,7,110,5),(14,1996,48,17,49,65,12,12,18,112,11),(15,1996,43,20,50,69,12,7,23,121,12),(16,1996,41,21,40,77,12,5,25,118,11),(19,1996,50,14,58,66,12,14,16,126,19),(20,1996,49,16,51,54,12,13,17,107,12),(22,1996,77,3,57,30,21,14,7,88,9),(26,1996,50,15,45,63,13,11,18,91,4),(29,1996,64,7,57,46,18,10,14,84,7),(39,1996,56,9,69,57,15,11,16,111,4),(45,1996,45,18,43,62,13,6,23,118,2),(49,1996,33,22,33,85,9,6,27,106,6),(52,1996,53,11,52,65,13,14,15,109,9),(54,1996,44,19,35,64,11,11,20,93,2),(1,1997,74,1,78,56,23,5,10,92,2),(2,1997,63,4,63,45,17,12,9,83,4),(3,1997,65,2,52,42,17,14,7,83,5),(4,1997,63,3,60,37,16,15,7,105,7),(6,1997,60,7,79,56,16,12,10,104,7),(7,1997,53,10,44,31,12,17,9,94,5),(10,1997,45,14,46,55,12,9,17,102,8),(12,1997,55,9,58,52,16,7,15,95,12),(13,1997,59,8,49,50,17,8,13,120,14),(14,1997,40,18,36,51,9,13,16,95,4),(19,1997,48,13,45,53,12,12,14,91,8),(20,1997,60,6,54,47,17,9,12,111,6),(22,1997,49,12,44,46,12,13,13,98,9),(26,1997,13,20,31,80,2,7,29,119,5),(29,1997,50,11,36,47,13,11,14,83,2),(38,1997,60,5,55,39,16,12,10,78,4),(39,1997,45,16,44,57,11,12,15,114,11),(44,1997,45,15,46,46,12,9,17,98,7),(52,1997,44,17,56,66,11,11,16,98,10),(53,1997,39,19,33,53,9,12,17,112,10),(1,1998,79,1,87,43,24,7,7,82,8),(2,1998,68,2,77,62,21,5,12,99,4),(3,1998,60,8,53,47,17,9,12,94,9),(4,1998,54,10,47,43,14,12,12,106,12),(6,1998,46,13,54,50,12,10,16,109,10),(7,1998,61,7,49,38,16,13,9,102,8),(10,1998,42,15,41,53,10,12,16,108,3),(11,1998,40,16,36,63,11,7,20,119,9),(12,1998,65,4,63,39,19,8,11,99,7),(13,1998,49,11,47,58,14,7,17,106,6),(14,1998,45,14,41,57,11,12,15,97,8),(19,1998,57,9,57,46,16,9,13,101,6),(20,1998,64,5,69,41,17,13,8,109,4),(22,1998,63,6,55,43,17,12,9,89,5),(29,1998,48,12,35,44,13,9,16,84,9),(38,1998,66,3,48,31,20,6,12,82,2),(39,1998,34,19,41,63,7,13,18,117,12),(44,1998,27,20,29,66,7,6,25,100,8),(54,1998,39,17,27,53,9,12,17,76,3),(55,1998,36,18,47,63,8,12,18,113,12),(1,1999,64,2,70,46,19,7,12,84,5),(2,1999,62,5,58,48,16,14,8,90,8),(3,1999,50,11,47,57,12,14,12,116,12),(4,1999,47,13,42,49,11,14,13,96,13),(6,1999,38,19,48,64,9,11,18,118,7),(7,1999,47,14,51,48,12,11,15,101,3),(10,1999,46,15,52,50,10,16,12,93,9),(11,1999,61,6,41,37,17,10,11,103,8),(12,1999,64,3,59,39,18,10,10,94,11),(13,1999,42,18,33,56,11,9,18,95,9),(14,1999,45,16,44,60,11,12,15,102,2),(15,1999,28,20,42,67,5,13,20,105,11),(19,1999,63,4,60,40,16,15,7,112,8),(20,1999,53,7,45,43,15,8,15,116,11),(22,1999,69,1,66,44,21,6,11,87,11),(29,1999,53,8,36,44,14,11,13,101,8),(38,1999,51,10,52,45,14,9,15,83,6),(45,1999,52,9,51,53,15,7,16,96,5),(56,1999,48,12,55,50,11,15,12,94,8),(57,1999,45,17,47,59,11,12,15,102,6),(1,2000,63,4,80,57,17,12,9,88,8),(2,2000,80,1,81,40,24,8,6,76,2),(3,2000,43,12,44,60,11,10,17,105,10),(4,2000,43,13,52,68,11,10,17,87,10),(7,2000,50,9,46,44,14,8,16,86,5),(10,2000,39,19,48,62,10,9,19,95,6),(11,2000,49,10,58,59,14,7,17,110,5),(12,2000,63,5,55,34,18,9,11,113,7),(14,2000,41,18,51,67,11,8,19,106,6),(17,2000,42,15,43,54,10,12,16,89,3),(19,2000,42,17,54,57,9,15,14,85,5),(20,2000,59,6,51,49,16,11,11,118,11),(22,2000,73,2,73,44,22,7,9,100,7),(29,2000,42,16,42,50,9,15,14,103,6),(32,2000,46,11,42,62,13,7,18,114,6),(38,2000,71,3,61,43,20,11,7,89,4),(45,2000,43,14,56,68,10,13,15,103,9),(55,2000,57,7,58,52,16,9,13,111,9),(56,2000,56,8,60,61,16,8,14,92,5),(57,2000,39,20,40,64,10,9,19,99,5),(1,2001,64,4,65,37,18,10,10,85,4),(2,2001,66,3,69,44,19,9,10,84,4),(3,2001,53,9,54,66,14,11,13,104,6),(4,2001,47,13,48,54,13,8,17,85,4),(7,2001,47,14,47,56,13,8,17,118,7),(11,2001,54,7,41,44,17,3,18,130,9),(12,2001,75,1,51,27,21,12,5,108,6),(13,2001,59,6,42,34,15,14,9,106,6),(15,2001,53,8,51,40,14,11,13,120,8),(17,2001,42,17,36,49,10,12,16,95,4),(19,2001,37,20,35,54,9,10,19,93,6),(20,2001,60,5,64,46,16,12,10,117,10),(22,2001,68,2,65,41,20,8,10,77,4),(29,2001,48,12,45,58,13,9,16,93,4),(32,2001,40,18,40,50,9,13,16,113,7),(38,2001,43,16,40,52,11,10,17,92,5),(39,2001,38,19,32,58,10,8,20,120,9),(45,2001,49,11,46,52,13,10,15,97,11),(55,2001,43,15,46,55,11,10,17,115,4),(56,2001,53,10,44,44,13,14,11,123,9),(1,2002,56,6,63,47,15,11,12,87,8),(2,2002,78,1,86,42,22,12,4,65,4),(3,2002,55,7,63,61,15,10,13,100,2),(4,2002,76,2,71,45,22,10,6,67,3),(6,2002,47,12,51,56,12,11,15,122,10),(7,2002,43,17,48,54,10,13,15,98,9),(10,2002,44,16,54,64,13,5,20,99,7),(11,2002,35,19,38,68,8,11,19,100,8),(12,2002,60,5,56,35,17,9,12,101,9),(13,2002,54,8,56,53,14,12,12,109,7),(15,2002,50,10,38,39,13,11,14,100,10),(17,2002,47,11,40,48,12,11,15,102,7),(20,2002,61,4,45,36,17,10,11,94,7),(22,2002,72,3,67,47,22,6,10,69,4),(29,2002,46,14,37,40,12,10,16,82,7),(38,2002,52,9,49,56,14,10,14,97,9),(45,2002,32,20,31,62,7,11,20,98,7),(47,2002,36,18,35,61,8,12,18,88,8),(55,2002,45,15,44,53,11,12,15,97,7),(56,2002,46,13,44,49,11,13,14,112,10),(1,2003,72,2,63,39,21,9,8,89,14),(2,2003,70,4,72,54,21,7,10,103,8),(3,2003,56,5,53,49,15,11,12,103,6),(4,2003,46,15,49,53,11,13,14,97,3),(6,2003,55,7,51,53,15,10,13,127,7),(7,2003,43,16,48,64,13,4,21,112,15),(10,2003,42,17,48,63,11,10,17,113,5),(12,2003,77,1,71,27,23,8,7,94,3),(13,2003,52,9,46,43,13,13,12,87,6),(15,2003,55,6,56,45,15,10,13,123,8),(17,2003,48,13,38,37,11,15,12,103,9),(19,2003,48,12,46,55,13,9,16,101,7),(20,2003,39,19,48,68,9,12,17,100,11),(21,2003,26,20,29,57,5,11,22,83,9),(22,2003,71,3,60,34,21,8,9,84,6),(29,2003,41,18,46,56,10,11,17,110,10),(38,2003,51,11,54,66,15,6,17,93,5),(51,2003,47,14,40,48,13,8,17,96,8),(55,2003,54,8,47,49,15,9,14,115,7),(56,2003,51,10,50,55,15,6,17,107,3),(1,2004,84,1,73,29,25,9,4,77,2),(2,2004,80,2,71,32,25,5,8,98,5),(3,2004,51,9,59,54,14,9,15,100,4),(4,2004,47,14,47,56,13,8,17,69,4),(6,2004,50,11,40,34,13,11,14,99,6),(7,2004,61,5,54,46,17,10,11,88,9),(10,2004,44,16,41,58,12,8,18,123,8),(12,2004,58,7,54,39,14,16,8,99,4),(13,2004,62,4,62,50,16,14,8,94,7),(15,2004,60,6,44,41,17,9,12,105,6),(17,2004,46,15,46,65,12,10,16,120,8),(19,2004,50,12,52,57,14,8,16,98,5),(22,2004,51,8,46,50,12,15,11,83,3),(38,2004,39,17,42,63,10,9,19,95,6),(41,2004,37,18,39,58,9,10,19,95,4),(51,2004,28,20,33,56,6,10,22,96,9),(55,2004,65,3,69,37,18,11,9,79,5),(56,2004,51,10,40,48,15,6,17,106,9),(57,2004,29,19,30,61,6,11,21,100,6),(58,2004,47,13,38,46,12,11,15,101,4),(1,2005,82,1,80,35,25,7,6,72,6),(2,2005,70,2,70,40,20,10,8,108,11),(3,2005,45,12,40,46,11,12,15,95,6),(4,2005,40,16,48,65,11,7,20,81,11),(6,2005,52,10,45,37,13,13,12,121,10),(7,2005,41,15,36,56,10,11,17,106,9),(10,2005,40,17,36,49,9,13,16,129,10),(11,2005,39,18,35,54,9,12,17,85,4),(12,2005,69,3,58,33,19,12,7,85,6),(13,2005,42,14,34,51,10,12,16,103,8),(15,2005,68,5,54,39,20,8,10,103,9),(17,2005,68,4,49,43,21,5,12,120,7),(19,2005,46,11,46,51,10,16,12,101,6),(20,2005,64,6,45,33,20,4,14,82,3),(22,2005,55,8,47,45,15,10,13,118,5),(38,2005,43,13,37,51,10,13,15,101,9),(46,2005,36,19,36,52,8,12,18,90,5),(55,2005,57,7,50,39,14,15,9,106,5),(56,2005,24,20,36,68,5,9,24,112,13),(58,2005,54,9,54,49,15,9,14,103,8),(1,2006,76,2,78,33,22,10,6,82,7),(2,2006,76,1,66,40,23,7,8,120,10),(3,2006,40,17,44,62,10,10,18,90,8),(4,2006,35,19,32,47,8,11,19,96,4),(6,2006,60,7,46,39,17,9,12,114,10),(7,2006,49,11,46,53,12,13,13,107,8),(10,2006,50,10,42,48,12,14,12,124,9),(12,2006,66,4,57,42,20,6,12,106,9),(13,2006,40,16,36,49,8,16,14,98,10),(15,2006,71,3,64,35,21,8,9,101,11),(17,2006,46,14,51,49,13,7,18,112,5),(19,2006,60,6,55,43,16,12,10,114,8),(20,2006,39,18,40,59,10,9,19,106,11),(22,2006,47,13,32,45,12,11,15,115,11),(28,2006,28,20,34,69,7,7,24,92,6),(38,2006,49,12,41,47,14,7,17,99,5),(41,2006,42,15,37,53,10,12,16,119,14),(47,2006,54,8,54,52,15,9,14,65,3),(55,2006,62,5,48,44,18,8,12,99,5),(58,2006,52,9,39,33,14,10,14,99,6),(1,2007,67,3,76,43,19,10,9,81,5),(2,2007,85,1,84,36,27,4,7,95,6),(3,2007,50,11,40,43,13,11,14,122,9),(6,2007,64,4,66,47,19,7,12,118,7),(7,2007,48,12,43,53,13,9,16,113,5),(10,2007,60,6,42,41,17,9,12,91,8),(12,2007,51,10,48,62,15,6,17,97,8),(13,2007,47,13,45,51,12,11,15,101,5),(15,2007,64,5,75,49,20,4,14,99,10),(17,2007,43,17,37,44,12,7,19,114,10),(19,2007,42,18,50,61,10,12,16,114,9),(21,2007,30,19,36,65,7,9,22,116,7),(22,2007,52,9,46,47,15,7,16,77,5),(29,2007,45,15,42,57,11,12,15,83,7),(38,2007,59,7,69,54,15,14,9,88,11),(41,2007,26,20,33,75,7,5,26,99,2),(47,2007,44,16,40,60,11,11,16,120,12),(55,2007,77,2,63,40,24,5,9,88,3),(58,2007,47,14,44,48,12,11,15,92,9),(59,2007,52,8,42,45,14,10,14,116,8),(1,2008,87,1,105,35,27,6,5,74,6),(2,2008,78,2,83,52,25,3,10,115,9),(3,2008,44,13,47,62,12,8,18,114,13),(6,2008,67,4,80,57,20,7,11,114,6),(7,2008,47,10,46,49,12,11,15,116,6),(10,2008,46,12,49,48,12,10,16,134,9),(12,2008,62,6,68,54,18,8,12,117,6),(13,2008,42,18,51,58,10,12,16,101,9),(15,2008,70,3,54,39,21,7,10,100,8),(17,2008,43,15,41,47,10,13,15,108,12),(22,2008,58,7,48,47,16,10,12,88,4),(26,2008,43,14,47,79,14,1,23,121,5),(29,2008,43,16,46,58,12,7,19,84,10),(38,2008,51,9,53,60,14,9,15,118,7),(47,2008,33,20,34,57,8,9,21,96,6),(55,2008,65,5,61,54,18,11,9,99,5),(56,2008,55,8,55,59,15,10,13,103,7),(57,2008,35,19,38,69,10,5,23,106,9),(58,2008,42,17,50,56,10,12,16,123,7),(59,2008,46,11,45,61,13,7,18,100,12),(1,2009,99,1,98,24,31,6,1,76,5),(2,2009,96,2,102,35,31,3,4,89,5),(3,2009,54,8,50,53,15,9,14,96,10),(6,2009,47,9,57,61,13,8,17,92,7),(7,2009,44,11,29,46,11,11,16,115,11),(10,2009,39,16,42,59,9,12,17,105,7),(12,2009,71,3,59,40,21,8,9,112,8),(15,2009,63,4,65,49,19,6,13,103,10),(17,2009,43,12,37,46,11,10,17,84,9),(19,2009,41,14,46,64,10,11,17,128,6),(22,2009,47,10,35,49,13,8,17,67,6),(26,2009,40,15,36,51,9,13,16,100,7),(29,2009,36,18,37,62,7,15,16,103,11),(38,2009,62,5,59,44,18,8,12,98,4),(39,2009,36,19,40,74,9,9,20,91,4),(55,2009,56,7,58,57,16,8,14,97,11),(56,2009,37,17,42,48,7,16,15,135,10),(58,2009,58,6,58,48,17,7,14,111,4),(59,2009,42,13,43,55,10,12,16,102,7),(60,2009,34,20,38,66,8,10,20,104,14),(1,2010,96,1,95,21,30,6,2,73,2),(2,2010,92,2,102,33,29,5,4,98,7),(3,2010,58,6,59,55,18,4,16,106,7),(4,2010,45,15,49,66,14,3,21,80,0),(6,2010,58,7,62,53,17,7,14,106,5),(7,2010,49,8,46,55,15,4,19,111,5),(10,2010,46,12,41,56,12,10,16,90,7),(12,2010,71,3,64,44,21,8,9,117,8),(15,2010,58,5,62,61,17,7,14,104,7),(16,2010,35,19,36,60,9,8,21,97,8),(17,2010,47,9,45,46,13,8,17,111,7),(19,2010,45,13,40,53,12,9,17,124,9),(22,2010,43,18,31,47,10,13,15,91,5),(26,2010,47,10,35,42,11,14,13,112,6),(38,2010,44,17,41,56,12,8,18,89,4),(41,2010,45,14,41,52,12,9,17,127,3),(55,2010,62,4,54,44,18,8,12,91,5),(56,2010,46,11,54,68,13,7,18,105,7),(58,2010,44,16,49,60,12,8,18,113,7),(59,2010,30,20,36,70,6,12,20,103,4),(1,2011,91,2,114,29,28,7,3,78,4),(2,2011,100,1,121,32,32,4,2,94,5),(3,2011,49,10,49,52,12,13,13,111,8),(4,2011,47,12,46,52,12,11,15,83,7),(6,2011,56,5,53,46,15,11,12,130,4),(7,2011,46,14,46,56,12,10,16,131,7),(10,2011,27,20,28,63,4,15,19,118,8),(12,2011,61,3,59,44,17,10,11,128,6),(13,2011,47,13,47,56,13,8,17,104,7),(15,2011,50,9,48,47,13,11,14,113,7),(17,2011,54,7,44,61,13,15,10,104,8),(19,2011,43,16,36,61,12,7,19,123,9),(24,2011,42,17,35,56,12,6,20,112,8),(26,2011,37,19,42,69,10,7,21,121,5),(38,2011,52,8,42,46,14,10,14,120,6),(41,2011,55,6,54,50,16,7,15,122,3),(45,2011,43,15,53,73,13,4,21,128,4),(55,2011,41,18,39,53,9,14,15,100,5),(56,2011,58,4,54,53,17,7,14,75,7),(58,2011,47,11,40,51,12,11,15,130,8),(1,2012,100,1,115,40,32,4,2,58,3),(2,2012,85,2,103,42,26,7,5,93,6),(3,2012,45,12,44,65,12,9,17,120,9),(4,2012,66,4,70,49,18,12,8,96,2),(6,2012,76,3,65,31,23,7,8,102,5),(7,2012,44,13,43,52,11,11,16,150,12),(12,2012,65,5,67,54,19,8,11,124,8),(13,2012,56,7,57,56,16,8,14,118,7),(15,2012,50,9,58,54,14,8,16,100,13),(17,2012,39,16,33,50,10,9,19,116,10),(19,2012,34,20,37,62,9,7,22,130,11),(20,2012,37,17,37,52,10,7,21,102,4),(22,2012,35,19,47,70,8,11,19,103,8),(24,2012,42,15,37,54,11,9,18,104,5),(29,2012,43,14,49,58,11,10,17,80,3),(38,2012,36,18,43,72,9,9,20,103,8),(41,2012,46,11,40,57,12,10,16,114,7),(45,2012,53,8,50,66,16,5,17,139,4),(56,2012,57,6,53,50,16,9,13,93,6),(58,2012,47,10,43,57,13,8,17,114,9);
/*!40000 ALTER TABLE `resultats` ENABLE KEYS */;
UNLOCK TABLES;

--
-- Table structure for table `temporades`
--

DROP TABLE IF EXISTS `temporades`;
/*!40101 SET @saved_cs_client     = @@character_set_client */;
/*!40101 SET character_set_client = utf8 */;
CREATE TABLE `temporades` (
  `id` int(11) NOT NULL DEFAULT '0',
  `nom` varchar(45) NOT NULL,
  PRIMARY KEY (`id`),
  KEY `noms` (`nom`)
) ENGINE=InnoDB DEFAULT CHARSET=latin1;
/*!40101 SET character_set_client = @saved_cs_client */;

--
-- Dumping data for table `temporades`
--

LOCK TABLES `temporades` WRITE;
/*!40000 ALTER TABLE `temporades` DISABLE KEYS */;
INSERT INTO `temporades` VALUES (1928,'1928-29'),(1929,'1929-30'),(1930,'1930-31'),(1931,'1931-32'),(1932,'1932-33'),(1933,'1933-34'),(1934,'1934-35'),(1935,'1935-36'),(1939,'1939-40'),(1940,'1940-41'),(1941,'1941-42'),(1942,'1942-43'),(1943,'1943-44'),(1944,'1944-45'),(1945,'1945-46'),(1946,'1946-47'),(1947,'1947-48'),(1948,'1948-49'),(1949,'1949-50'),(1950,'1950-51'),(1951,'1951-52'),(1952,'1952-53'),(1953,'1953-54'),(1954,'1954-55'),(1955,'1955-56'),(1956,'1956-57'),(1957,'1957-58'),(1958,'1958-59'),(1959,'1959-60'),(1960,'1960-61'),(1961,'1961-62'),(1962,'1962-63'),(1963,'1963-64'),(1964,'1964-65'),(1965,'1965-66'),(1966,'1966-67'),(1967,'1967-68'),(1968,'1968-69'),(1969,'1969-70'),(1970,'1970-71'),(1971,'1971-72'),(1972,'1972-73'),(1973,'1973-74'),(1974,'1974-75'),(1975,'1975-76'),(1976,'1976-77'),(1977,'1977-78'),(1978,'1978-79'),(1979,'1979-80'),(1980,'1980-81'),(1981,'1981-82'),(1982,'1982-83'),(1983,'1983-84'),(1984,'1984-85'),(1985,'1985-86'),(1986,'1986-87'),(1987,'1987-88'),(1988,'1988-89'),(1989,'1989-90'),(1990,'1990-91'),(1991,'1991-92'),(1992,'1992-93'),(1993,'1993-94'),(1994,'1994-95'),(1995,'1995-96'),(1996,'1996-97'),(1997,'1997-98'),(1998,'1998-99'),(1999,'1999-00'),(2000,'2000-01'),(2001,'2001-02'),(2002,'2002-03'),(2003,'2003-04'),(2004,'2004-05'),(2005,'2005-06'),(2006,'2006-07'),(2007,'2007-08'),(2008,'2008-09'),(2009,'2009-10'),(2010,'2010-11'),(2011,'2011-12'),(2012,'2012-13');
/*!40000 ALTER TABLE `temporades` ENABLE KEYS */;
UNLOCK TABLES;
/*!40103 SET TIME_ZONE=@OLD_TIME_ZONE */;

/*!40101 SET SQL_MODE=@OLD_SQL_MODE */;
/*!40014 SET FOREIGN_KEY_CHECKS=@OLD_FOREIGN_KEY_CHECKS */;
/*!40014 SET UNIQUE_CHECKS=@OLD_UNIQUE_CHECKS */;
/*!40101 SET CHARACTER_SET_CLIENT=@OLD_CHARACTER_SET_CLIENT */;
/*!40101 SET CHARACTER_SET_RESULTS=@OLD_CHARACTER_SET_RESULTS */;
/*!40101 SET COLLATION_CONNECTION=@OLD_COLLATION_CONNECTION */;
/*!40111 SET SQL_NOTES=@OLD_SQL_NOTES */;

-- Dump completed on 2014-03-31 11:14:08
